Datetime,Water Level (m)
2025-07-13 12:00:00,0.8494699
2025-07-13 13:00:00,0.20466498
2025-07-13 14:00:00,-0.37417412
2025-07-13 15:00:00,-0.8481991
2025-07-13 16:00:00,-0.92597
2025-07-13 17:00:00,-0.15669134
2025-07-13 18:00:00,0.6364584
2025-07-13 19:00:00,1.273593
2025-07-13 20:00:00,1.7578062
2025-07-13 21:00:00,2.0207827
2025-07-13 22:00:00,1.9699072
2025-07-13 23:00:00,1.5710839
2025-07-14 00:00:00,0.9648854
2025-07-14 01:00:00,0.32750702
2025-07-14 02:00:00,-0.28686336
2025-07-14 03:00:00,-0.74205637
2025-07-14 04:00:00,-0.81342965
2025-07-14 05:00:00,-0.014554399
2025-07-14 06:00:00,0.84650034
2025-07-14 07:00:00,1.5202626
2025-07-14 08:00:00,2.0943775
2025-07-14 09:00:00,2.4005957
2025-07-14 10:00:00,2.4006243
2025-07-14 11:00:00,2.0181541
2025-07-14 12:00:00,1.3651035
2025-07-14 13:00:00,0.6618255
2025-07-14 14:00:00,0.02602948
2025-07-14 15:00:00,-0.60059863
2025-07-14 16:00:00,-0.9943276
2025-07-14 17:00:00,-0.8138317
2025-07-14 18:00:00,0.061260853
2025-07-14 19:00:00,0.82855964
2025-07-14 20:00:00,1.3719299
2025-07-14 21:00:00,1.7977551
2025-07-14 22:00:00,1.9544542
2025-07-14 23:00:00,1.7924341
2025-07-15 00:00:00,1.3329519
2025-07-15 01:00:00,0.71331185
2025-07-15 02:00:00,0.06702383
2025-07-15 03:00:00,-0.5190629
2025-07-15 04:00:00,-0.88715863
2025-07-15 05:00:00,-0.7437789
2025-07-15 06:00:00,0.18377042
2025-07-15 07:00:00,0.98241323
2025-07-15 08:00:00,1.5969884
2025-07-15 09:00:00,2.09312
2025-07-15 10:00:00,2.3108315
2025-07-15 11:00:00,2.1719418
2025-07-15 12:00:00,1.7082746
2025-07-15 13:00:00,1.0474504
2025-07-15 14:00:00,0.34542057
2025-07-15 15:00:00,-0.28850088
2025-07-15 16:00:00,-0.8149195
2025-07-15 17:00:00,-1.0846444
2025-07-15 18:00:00,-0.5565489
2025-07-15 19:00:00,0.29533294
2025-07-15 20:00:00,1.0009632
2025-07-15 21:00:00,1.4953974
2025-07-15 22:00:00,1.8761983
2025-07-15 23:00:00,1.9613948
2025-07-16 00:00:00,1.6968851
2025-07-16 01:00:00,1.1907015
2025-07-16 02:00:00,0.5615112
2025-07-16 03:00:00,-0.048061296
2025-07-16 04:00:00,-0.6236813
2025-07-16 05:00:00,-0.92806417
2025-07-16 06:00:00,-0.5530512
2025-07-16 07:00:00,0.33693254
2025-07-16 08:00:00,1.0598528
2025-07-16 09:00:00,1.5967475
2025-07-16 10:00:00,2.0096786
2025-07-16 11:00:00,2.1458645
2025-07-16 12:00:00,1.9197849
2025-07-16 13:00:00,1.4188851
2025-07-16 14:00:00,0.76155275
2025-07-16 15:00:00,0.10529529
2025-07-16 16:00:00,-0.51477283
2025-07-16 17:00:00,-0.95774096
2025-07-16 18:00:00,-1.04963
2025-07-16 19:00:00,-0.3492209
2025-07-16 20:00:00,0.45540795
2025-07-16 21:00:00,1.0845615
2025-07-16 22:00:00,1.5494734
2025-07-16 23:00:00,1.8505285
2025-07-17 00:00:00,1.8805856
2025-07-17 01:00:00,1.5614405
2025-07-17 02:00:00,1.0342771
2025-07-17 03:00:00,0.4312615
2025-07-17 04:00:00,-0.14920776
2025-07-17 05:00:00,-0.6442354
2025-07-17 06:00:00,-0.8680067
2025-07-17 07:00:00,-0.42219606
2025-07-17 08:00:00,0.38530803
2025-07-17 09:00:00,1.0277479
2025-07-17 10:00:00,1.4933233
2025-07-17 11:00:00,1.8568968
2025-07-17 12:00:00,1.9360175
2025-07-17 13:00:00,1.6611382
2025-07-17 14:00:00,1.1493121
2025-07-17 15:00:00,0.53130174
2025-07-17 16:00:00,-0.060162965
2025-07-17 17:00:00,-0.6389108
2025-07-17 18:00:00,-1.0230652
2025-07-17 19:00:00,-0.9538381
2025-07-17 20:00:00,-0.21278511
2025-07-17 21:00:00,0.5179301
2025-07-17 22:00:00,1.0970573
2025-07-17 23:00:00,1.555737
2025-07-18 00:00:00,1.836377
2025-07-18 01:00:00,1.8509487
2025-07-18 02:00:00,1.5404853
2025-07-18 03:00:00,1.0242847
2025-07-18 04:00:00,0.43449423
2025-07-18 05:00:00,-0.13003334
2025-07-18 06:00:00,-0.5741771
2025-07-18 07:00:00,-0.7523614
2025-07-18 08:00:00,-0.3653499
2025-07-18 09:00:00,0.33315706
2025-07-18 10:00:00,0.90752393
2025-07-18 11:00:00,1.338524
2025-07-18 12:00:00,1.6557688
2025-07-18 13:00:00,1.7269684
2025-07-18 14:00:00,1.4797325
2025-07-18 15:00:00,1.0083017
2025-07-18 16:00:00,0.42838952
2025-07-18 17:00:00,-0.14227818
2025-07-18 18:00:00,-0.63519496
2025-07-18 19:00:00,-0.9682914
2025-07-18 20:00:00,-0.86526936
2025-07-18 21:00:00,-0.18356477
2025-07-18 22:00:00,0.50806564
2025-07-18 23:00:00,1.0669403
2025-07-19 00:00:00,1.5224527
2025-07-19 01:00:00,1.8215294
2025-07-19 02:00:00,1.8641813
2025-07-19 03:00:00,1.6069171
2025-07-19 04:00:00,1.1322807
2025-07-19 05:00:00,0.5703737
2025-07-19 06:00:00,0.03319697
2025-07-19 07:00:00,-0.41841897
2025-07-19 08:00:00,-0.62581676
2025-07-19 09:00:00,-0.42132777
2025-07-19 10:00:00,0.17267789
2025-07-19 11:00:00,0.71620166
2025-07-19 12:00:00,1.1307429
